<?xml version="1.0" encoding="UTF-8"?>
<project-private xmlns="http://www.netbeans.org/ns/project-private/1">
    <editor-bookmarks xmlns="http://www.netbeans.org/ns/editor-bookmarks/2" lastBookmarkId="0"/>
    <open-files xmlns="http://www.netbeans.org/ns/projectui-open-files/2">
        <group>
            <file>file:/C:/Users/sts/Documents/NetBeansProjects/Digital%20Health%20Record%20System/src/client/Register.java</file>
            <file>file:/C:/Users/sts/Documents/NetBeansProjects/Digital%20Health%20Record%20System/src/server/ClientHandler.java</file>
            <file>file:/C:/Users/sts/Documents/NetBeansProjects/Digital%20Health%20Record%20System/src/client/CheckDoc.java</file>
            <file>file:/C:/Users/sts/Documents/NetBeansProjects/Digital%20Health%20Record%20System/src/client/Functions.java</file>
            <file>file:/C:/Users/sts/Documents/NetBeansProjects/Digital%20Health%20Record%20System/src/client/Admin.java</file>
            <file>file:/C:/Users/sts/Documents/NetBeansProjects/Digital%20Health%20Record%20System/src/server/Server.java</file>
        </group>
    </open-files>
</project-private>
